CREATE TABLE CDM_PROFILE_TIMEMEASUREMENT
(
  TIMEMEASUREMENT_ID INT PRIMARY KEY NOT NULL,
  PROCEDURE_ID INT NOT NULL ,
  MULTICONTEXT_ID INT,
  TIMESTAMP timestamp with time zone NOT NULL,
  DURATION VARCHAR(50)  DEFAULT 0
);
CREATE SEQUENCE TIMEMEASUREMENT_SEQ START WITH 1 INCREMENT BY 1 NOCACHE NOCYCLE;

CREATE TABLE CDM_PROFILE_PROCEDURE
(
  PROCEDURE_ID INT PRIMARY KEY NOT NULL,
  NAME VARCHAR(100) ,
  CLASS VARCHAR(100) NOT NULL,
  METHOD VARCHAR(100),
  CONSTRAINT uniqueness UNIQUE (CLASS,METHOD)
);
CREATE SEQUENCE PROCEDURE_SEQ START WITH 1 INCREMENT BY 1 NOCACHE NOCYCLE;

CREATE TABLE CDM_PROFILE_MULTICONTEXT
(
  MULTICONTEXT_ID INT PRIMARY KEY NOT NULL,
  START_TIME timestamp with time zone NOT NULL,
  END_TIME timestamp with time zone NOT NULL
);
CREATE SEQUENCE MULTICONTEXT_SEQ START WITH 1 INCREMENT BY 1 NOCACHE NOCYCLE;

CREATE TABLE CDM_PROFILE_LAYOUT
(
  NAME VARCHAR (100) PRIMARY KEY NOT NULL,
  JSON CLOB NOT NULL
);


Insert into CDM_PROFILE_MULTICONTEXT (MULTICONTEXT_ID,START_TIME,END_TIME) values ('100',to_timestamp_tz('25.06.2013 03.15.52,458000000 EUROPE/BERLIN','DD.MM.RRRR HH24.MI.SS,FF TZR'),to_timestamp_tz('25.06.2013 03.16.18,847000000 EUROPE/BERLIN','DD.MM.RRRR HH24.MI.SS,FF TZR'));
Insert into CDM_PROFILE_MULTICONTEXT (MULTICONTEXT_ID,START_TIME,END_TIME) values ('101',to_timestamp_tz('25.06.2013 03.16.18,451000000 EUROPE/BERLIN','DD.MM.RRRR HH24.MI.SS,FF TZR'),to_timestamp_tz('25.06.2013 03.16.19,502000000 EUROPE/BERLIN','DD.MM.RRRR HH24.MI.SS,FF TZR'));
Insert into CDM_PROFILE_MULTICONTEXT (MULTICONTEXT_ID,START_TIME,END_TIME) values ('102',to_timestamp_tz('25.06.2013 03.16.19,458000000 EUROPE/BERLIN','DD.MM.RRRR HH24.MI.SS,FF TZR'),to_timestamp_tz('25.06.2013 03.16.19,556000000 EUROPE/BERLIN','DD.MM.RRRR HH24.MI.SS,FF TZR'));
Insert into CDM_PROFILE_MULTICONTEXT (MULTICONTEXT_ID,START_TIME,END_TIME) values ('103',to_timestamp_tz('25.06.2013 03.16.23,454000000 EUROPE/BERLIN','DD.MM.RRRR HH24.MI.SS,FF TZR'),to_timestamp_tz('25.06.2013 03.16.23,657000000 EUROPE/BERLIN','DD.MM.RRRR HH24.MI.SS,FF TZR'));
Insert into CDM_PROFILE_MULTICONTEXT (MULTICONTEXT_ID,START_TIME,END_TIME) values ('104',to_timestamp_tz('25.06.2013 03.16.43,457000000 EUROPE/BERLIN','DD.MM.RRRR HH24.MI.SS,FF TZR'),to_timestamp_tz('25.06.2013 03.16.43,599000000 EUROPE/BERLIN','DD.MM.RRRR HH24.MI.SS,FF TZR'));
Insert into CDM_PROFILE_MULTICONTEXT (MULTICONTEXT_ID,START_TIME,END_TIME) values ('105',to_timestamp_tz('25.06.2013 03.17.08,486000000 EUROPE/BERLIN','DD.MM.RRRR HH24.MI.SS,FF TZR'),to_timestamp_tz('25.06.2013 03.17.08,671000000 EUROPE/BERLIN','DD.MM.RRRR HH24.MI.SS,FF TZR'));
Insert into CDM_PROFILE_MULTICONTEXT (MULTICONTEXT_ID,START_TIME,END_TIME) values ('106',to_timestamp_tz('25.06.2013 03.43.24,793000000 EUROPE/BERLIN','DD.MM.RRRR HH24.MI.SS,FF TZR'),to_timestamp_tz('25.06.2013 03.43.26,113000000 EUROPE/BERLIN','DD.MM.RRRR HH24.MI.SS,FF TZR'));

Insert into CDM_PROFILE_PROCEDURE (PROCEDURE_ID,NAME,CLASS,METHOD) values ('100',null,'UpdateMessageFactory','createUpdatesForPublishing');
Insert into CDM_PROFILE_PROCEDURE (PROCEDURE_ID,NAME,CLASS,METHOD) values ('101',null,'Wait',null);
Insert into CDM_PROFILE_PROCEDURE (PROCEDURE_ID,NAME,CLASS,METHOD) values ('102',null,'Total',null);
Insert into CDM_PROFILE_PROCEDURE (PROCEDURE_ID,NAME,CLASS,METHOD) values ('103',null,'IcwMessageProcessorBean','process');
Insert into CDM_PROFILE_PROCEDURE (PROCEDURE_ID,NAME,CLASS,METHOD) values ('104',null,'FlightServiceImpl','process');
Insert into CDM_PROFILE_PROCEDURE (PROCEDURE_ID,NAME,CLASS,METHOD) values ('105',null,'Milestone','execute');

Insert into CDM_PROFILE_TIMEMEASUREMENT (TIMEMEASUREMENT_ID,PROCEDURE_ID,MULTICONTEXT_ID,TIMESTAMP,DURATION) values ('100','100','100',to_timestamp_tz('25.06.2013 03.16.18,847000000 EUROPE/BERLIN','DD.MM.RRRR HH24.MI.SS,FF TZR'),'PT0S');
Insert into CDM_PROFILE_TIMEMEASUREMENT (TIMEMEASUREMENT_ID,PROCEDURE_ID,MULTICONTEXT_ID,TIMESTAMP,DURATION) values ('101','101','100',to_timestamp_tz('25.06.2013 03.16.18,847000000 EUROPE/BERLIN','DD.MM.RRRR HH24.MI.SS,FF TZR'),'PT26.157S');
Insert into CDM_PROFILE_TIMEMEASUREMENT (TIMEMEASUREMENT_ID,PROCEDURE_ID,MULTICONTEXT_ID,TIMESTAMP,DURATION) values ('102','102','100',to_timestamp_tz('25.06.2013 03.16.18,847000000 EUROPE/BERLIN','DD.MM.RRRR HH24.MI.SS,FF TZR'),'PT26.389S');
Insert into CDM_PROFILE_TIMEMEASUREMENT (TIMEMEASUREMENT_ID,PROCEDURE_ID,MULTICONTEXT_ID,TIMESTAMP,DURATION) values ('103','103','100',to_timestamp_tz('25.06.2013 03.16.18,847000000 EUROPE/BERLIN','DD.MM.RRRR HH24.MI.SS,FF TZR'),'PT0.017S');
Insert into CDM_PROFILE_TIMEMEASUREMENT (TIMEMEASUREMENT_ID,PROCEDURE_ID,MULTICONTEXT_ID,TIMESTAMP,DURATION) values ('104','104','100',to_timestamp_tz('25.06.2013 03.16.18,847000000 EUROPE/BERLIN','DD.MM.RRRR HH24.MI.SS,FF TZR'),'PT0.017S');
Insert into CDM_PROFILE_TIMEMEASUREMENT (TIMEMEASUREMENT_ID,PROCEDURE_ID,MULTICONTEXT_ID,TIMESTAMP,DURATION) values ('105','100','101',to_timestamp_tz('25.06.2013 03.16.19,502000000 EUROPE/BERLIN','DD.MM.RRRR HH24.MI.SS,FF TZR'),'PT0.230S');
Insert into CDM_PROFILE_TIMEMEASUREMENT (TIMEMEASUREMENT_ID,PROCEDURE_ID,MULTICONTEXT_ID,TIMESTAMP,DURATION) values ('106','101','101',to_timestamp_tz('25.06.2013 03.16.19,502000000 EUROPE/BERLIN','DD.MM.RRRR HH24.MI.SS,FF TZR'),'PT0.580S');
Insert into CDM_PROFILE_TIMEMEASUREMENT (TIMEMEASUREMENT_ID,PROCEDURE_ID,MULTICONTEXT_ID,TIMESTAMP,DURATION) values ('107','102','101',to_timestamp_tz('25.06.2013 03.16.19,502000000 EUROPE/BERLIN','DD.MM.RRRR HH24.MI.SS,FF TZR'),'PT1.051S');
Insert into CDM_PROFILE_TIMEMEASUREMENT (TIMEMEASUREMENT_ID,PROCEDURE_ID,MULTICONTEXT_ID,TIMESTAMP,DURATION) values ('108','103','101',to_timestamp_tz('25.06.2013 03.16.19,502000000 EUROPE/BERLIN','DD.MM.RRRR HH24.MI.SS,FF TZR'),'PT0S');
Insert into CDM_PROFILE_TIMEMEASUREMENT (TIMEMEASUREMENT_ID,PROCEDURE_ID,MULTICONTEXT_ID,TIMESTAMP,DURATION) values ('109','104','101',to_timestamp_tz('25.06.2013 03.16.19,502000000 EUROPE/BERLIN','DD.MM.RRRR HH24.MI.SS,FF TZR'),'PT0S');
Insert into CDM_PROFILE_TIMEMEASUREMENT (TIMEMEASUREMENT_ID,PROCEDURE_ID,MULTICONTEXT_ID,TIMESTAMP,DURATION) values ('110','100','102',to_timestamp_tz('25.06.2013 03.16.19,556000000 EUROPE/BERLIN','DD.MM.RRRR HH24.MI.SS,FF TZR'),'PT0.002S');
Insert into CDM_PROFILE_TIMEMEASUREMENT (TIMEMEASUREMENT_ID,PROCEDURE_ID,MULTICONTEXT_ID,TIMESTAMP,DURATION) values ('111','101','102',to_timestamp_tz('25.06.2013 03.16.19,556000000 EUROPE/BERLIN','DD.MM.RRRR HH24.MI.SS,FF TZR'),'PT0.053S');
Insert into CDM_PROFILE_TIMEMEASUREMENT (TIMEMEASUREMENT_ID,PROCEDURE_ID,MULTICONTEXT_ID,TIMESTAMP,DURATION) values ('112','102','102',to_timestamp_tz('25.06.2013 03.16.19,556000000 EUROPE/BERLIN','DD.MM.RRRR HH24.MI.SS,FF TZR'),'PT0.098S');
Insert into CDM_PROFILE_TIMEMEASUREMENT (TIMEMEASUREMENT_ID,PROCEDURE_ID,MULTICONTEXT_ID,TIMESTAMP,DURATION) values ('113','103','102',to_timestamp_tz('25.06.2013 03.16.19,556000000 EUROPE/BERLIN','DD.MM.RRRR HH24.MI.SS,FF TZR'),'PT0.001S');
Insert into CDM_PROFILE_TIMEMEASUREMENT (TIMEMEASUREMENT_ID,PROCEDURE_ID,MULTICONTEXT_ID,TIMESTAMP,DURATION) values ('114','104','102',to_timestamp_tz('25.06.2013 03.16.19,556000000 EUROPE/BERLIN','DD.MM.RRRR HH24.MI.SS,FF TZR'),'PT0.001S');
Insert into CDM_PROFILE_TIMEMEASUREMENT (TIMEMEASUREMENT_ID,PROCEDURE_ID,MULTICONTEXT_ID,TIMESTAMP,DURATION) values ('115','100','103',to_timestamp_tz('25.06.2013 03.16.23,657000000 EUROPE/BERLIN','DD.MM.RRRR HH24.MI.SS,FF TZR'),'PT0.021S');
Insert into CDM_PROFILE_TIMEMEASUREMENT (TIMEMEASUREMENT_ID,PROCEDURE_ID,MULTICONTEXT_ID,TIMESTAMP,DURATION) values ('116','101','103',to_timestamp_tz('25.06.2013 03.16.23,657000000 EUROPE/BERLIN','DD.MM.RRRR HH24.MI.SS,FF TZR'),'PT0.003S');
Insert into CDM_PROFILE_TIMEMEASUREMENT (TIMEMEASUREMENT_ID,PROCEDURE_ID,MULTICONTEXT_ID,TIMESTAMP,DURATION) values ('117','102','103',to_timestamp_tz('25.06.2013 03.16.23,657000000 EUROPE/BERLIN','DD.MM.RRRR HH24.MI.SS,FF TZR'),'PT0.203S');
Insert into CDM_PROFILE_TIMEMEASUREMENT (TIMEMEASUREMENT_ID,PROCEDURE_ID,MULTICONTEXT_ID,TIMESTAMP,DURATION) values ('118','103','103',to_timestamp_tz('25.06.2013 03.16.23,657000000 EUROPE/BERLIN','DD.MM.RRRR HH24.MI.SS,FF TZR'),'PT0.006S');
Insert into CDM_PROFILE_TIMEMEASUREMENT (TIMEMEASUREMENT_ID,PROCEDURE_ID,MULTICONTEXT_ID,TIMESTAMP,DURATION) values ('119','104','103',to_timestamp_tz('25.06.2013 03.16.23,657000000 EUROPE/BERLIN','DD.MM.RRRR HH24.MI.SS,FF TZR'),'PT0.006S');
Insert into CDM_PROFILE_TIMEMEASUREMENT (TIMEMEASUREMENT_ID,PROCEDURE_ID,MULTICONTEXT_ID,TIMESTAMP,DURATION) values ('120','100','104',to_timestamp_tz('25.06.2013 03.16.43,599000000 EUROPE/BERLIN','DD.MM.RRRR HH24.MI.SS,FF TZR'),'PT0.003S');
Insert into CDM_PROFILE_TIMEMEASUREMENT (TIMEMEASUREMENT_ID,PROCEDURE_ID,MULTICONTEXT_ID,TIMESTAMP,DURATION) values ('121','101','104',to_timestamp_tz('25.06.2013 03.16.43,599000000 EUROPE/BERLIN','DD.MM.RRRR HH24.MI.SS,FF TZR'),'PT0.004S');
Insert into CDM_PROFILE_TIMEMEASUREMENT (TIMEMEASUREMENT_ID,PROCEDURE_ID,MULTICONTEXT_ID,TIMESTAMP,DURATION) values ('122','102','104',to_timestamp_tz('25.06.2013 03.16.43,599000000 EUROPE/BERLIN','DD.MM.RRRR HH24.MI.SS,FF TZR'),'PT0.142S');
Insert into CDM_PROFILE_TIMEMEASUREMENT (TIMEMEASUREMENT_ID,PROCEDURE_ID,MULTICONTEXT_ID,TIMESTAMP,DURATION) values ('123','103','104',to_timestamp_tz('25.06.2013 03.16.43,599000000 EUROPE/BERLIN','DD.MM.RRRR HH24.MI.SS,FF TZR'),'PT0.006S');
Insert into CDM_PROFILE_TIMEMEASUREMENT (TIMEMEASUREMENT_ID,PROCEDURE_ID,MULTICONTEXT_ID,TIMESTAMP,DURATION) values ('124','104','104',to_timestamp_tz('25.06.2013 03.16.43,599000000 EUROPE/BERLIN','DD.MM.RRRR HH24.MI.SS,FF TZR'),'PT0.006S');
Insert into CDM_PROFILE_TIMEMEASUREMENT (TIMEMEASUREMENT_ID,PROCEDURE_ID,MULTICONTEXT_ID,TIMESTAMP,DURATION) values ('125','100','105',to_timestamp_tz('25.06.2013 03.17.08,671000000 EUROPE/BERLIN','DD.MM.RRRR HH24.MI.SS,FF TZR'),'PT0.002S');
Insert into CDM_PROFILE_TIMEMEASUREMENT (TIMEMEASUREMENT_ID,PROCEDURE_ID,MULTICONTEXT_ID,TIMESTAMP,DURATION) values ('126','101','105',to_timestamp_tz('25.06.2013 03.17.08,671000000 EUROPE/BERLIN','DD.MM.RRRR HH24.MI.SS,FF TZR'),'PT0.003S');
Insert into CDM_PROFILE_TIMEMEASUREMENT (TIMEMEASUREMENT_ID,PROCEDURE_ID,MULTICONTEXT_ID,TIMESTAMP,DURATION) values ('127','102','105',to_timestamp_tz('25.06.2013 03.17.08,671000000 EUROPE/BERLIN','DD.MM.RRRR HH24.MI.SS,FF TZR'),'PT0.185S');
Insert into CDM_PROFILE_TIMEMEASUREMENT (TIMEMEASUREMENT_ID,PROCEDURE_ID,MULTICONTEXT_ID,TIMESTAMP,DURATION) values ('128','103','105',to_timestamp_tz('25.06.2013 03.17.08,671000000 EUROPE/BERLIN','DD.MM.RRRR HH24.MI.SS,FF TZR'),'PT0.009S');
Insert into CDM_PROFILE_TIMEMEASUREMENT (TIMEMEASUREMENT_ID,PROCEDURE_ID,MULTICONTEXT_ID,TIMESTAMP,DURATION) values ('129','104','105',to_timestamp_tz('25.06.2013 03.17.08,671000000 EUROPE/BERLIN','DD.MM.RRRR HH24.MI.SS,FF TZR'),'PT0.009S');
Insert into CDM_PROFILE_TIMEMEASUREMENT (TIMEMEASUREMENT_ID,PROCEDURE_ID,MULTICONTEXT_ID,TIMESTAMP,DURATION) values ('130','100','106',to_timestamp_tz('25.06.2013 03.43.26,113000000 EUROPE/BERLIN','DD.MM.RRRR HH24.MI.SS,FF TZR'),'PT0.125S');
Insert into CDM_PROFILE_TIMEMEASUREMENT (TIMEMEASUREMENT_ID,PROCEDURE_ID,MULTICONTEXT_ID,TIMESTAMP,DURATION) values ('131','101','106',to_timestamp_tz('25.06.2013 03.43.26,113000000 EUROPE/BERLIN','DD.MM.RRRR HH24.MI.SS,FF TZR'),'PT0.936S');
Insert into CDM_PROFILE_TIMEMEASUREMENT (TIMEMEASUREMENT_ID,PROCEDURE_ID,MULTICONTEXT_ID,TIMESTAMP,DURATION) values ('132','102','106',to_timestamp_tz('25.06.2013 03.43.26,113000000 EUROPE/BERLIN','DD.MM.RRRR HH24.MI.SS,FF TZR'),'PT1.320S');
Insert into CDM_PROFILE_TIMEMEASUREMENT (TIMEMEASUREMENT_ID,PROCEDURE_ID,MULTICONTEXT_ID,TIMESTAMP,DURATION) values ('133','105','106',to_timestamp_tz('25.06.2013 03.43.26,113000000 EUROPE/BERLIN','DD.MM.RRRR HH24.MI.SS,FF TZR'),'PT0.052S');
Insert into CDM_PROFILE_TIMEMEASUREMENT (TIMEMEASUREMENT_ID,PROCEDURE_ID,MULTICONTEXT_ID,TIMESTAMP,DURATION) values ('134','103','106',to_timestamp_tz('25.06.2013 03.43.26,113000000 EUROPE/BERLIN','DD.MM.RRRR HH24.MI.SS,FF TZR'),'PT0.004S');
Insert into CDM_PROFILE_TIMEMEASUREMENT (TIMEMEASUREMENT_ID,PROCEDURE_ID,MULTICONTEXT_ID,TIMESTAMP,DURATION) values ('135','104','106',to_timestamp_tz('25.06.2013 03.43.26,113000000 EUROPE/BERLIN','DD.MM.RRRR HH24.MI.SS,FF TZR'),'PT0.004S');
